{"color_space_origin": [0.4104730540950303, -0.19076613309956825, 0.0], "color_space_vector1": [0.6534025985604502, 0.6377901429495294, 0.0], "color_space_vector2": [0.0, 0.0, 0.0], "color_space_vector3": [-0.6383452306609749, 0.6539712742558916, 0.0]}
