{"color_space_origin": [-0.03804383186679765, 0.27611229181430746, 0.7597420925608064], "color_space_vector1": [0.7786849667730283, -0.30463193375731096, 0.0003020260455497113], "color_space_vector2": [-0.0001840123978144238, -0.0002326341675898149, 0.23978028588637862], "color_space_vector3": [0.29508006781827556, 0.754269913151339, 0.000958241180508743]}
