{"color_space_origin": [0.011764705882352941, 0.011764705882352941, 0.011764705882352943], "color_space_vector1": [0.9882352941176469, 0.9882352941176469, 0.9882352941176471], "color_space_vector2": [-0.0, -0.0, 0.0], "color_space_vector3": [0.0, -0.0, 0.0]}