{"color_space_origin": [-0.059613560527852674, 0.2220325956279669, -0.053102089041449266], "color_space_vector1": [0.5331709012210208, 0.6213937936708054, 0.28511275804857594], "color_space_vector2": [0.21133781235016924, -0.1379744266338706, -0.09449847022507939], "color_space_vector3": [0.021313831321993448, -0.12166338231811814, 0.225303688529128]}