{"color_space_origin": [0.4392156862745099, 0.4392156862745099, 0.4392156862745099], "color_space_vector1": [0.5607843137254904, 0.5607843137254904, 0.5607843137254904], "color_space_vector2": [0.0, -0.0, 0.0], "color_space_vector3": [-4.5324665183683945e-17, -4.5324665183683945e-17, 9.06493303673679e-17]}