{"color_space_origin": [0.023529411764705885, 0.023529411764705885, 0.023529411764705885], "color_space_vector1": [0.8784313725490198, 0.8784313725490198, 0.8784313725490198], "color_space_vector2": [-4.5324665183683945e-17, -4.5324665183683945e-17, 9.06493303673679e-17], "color_space_vector3": [0.0, -0.0, 0.0]}