{"color_space_origin": [-0.09893959981168013, 0.4641122287122352, 0.5377452837075186], "color_space_vector1": [0.6095219010326275, 0.6141743126351389, 0.007363803859457585], "color_space_vector2": [-0.017179874397357957, 0.011718678970753415, 0.44463407266339483], "color_space_vector3": [0.5887542254247964, -0.5847519022024296, 0.03816001630627237]}